sample_id,angular_mismatch,axial_mismatch,beam_radius_at_receiver_um,curvature_mismatch,fiber_mode_radius_um,lateral_mismatch,size_log_mismatch,size_log_signed,size_ratio,surfaces[0].distance_to_next_mm,surfaces[0].radius_mm,surfaces[2].distance_to_next_mm,surfaces[2].radius_mm,surfaces[4].distance_to_next_mm,surfaces[4].radius_mm,surfaces[6].distance_to_next_mm,surfaces[6].radius_mm,coupling_loss_db,coupling_efficiency,valid,failure_code
sample-000001,0.0,0.0,29.956536787047753,-0.03655145391802638,2.5,0.0,2.4834568255354794,2.4834568255354794,11.982614714819102,3.3115278586968016,5.13868254229594,4.357621782457892,4.249359470738727,3.0270365664725447,26.161996884380734,3.1398209035420845,6.295230345673697,15.76461812988288,0.02651784251081907,True,
sample-000002,0.0,0.0,10.20232747159337,-0.0736687538051687,2.5,0.0,1.4063251458757235,1.4063251458757235,4.0809309886373475,3.324304161310343,5.1454426696685145,4.34050702351983,4.026744051172013,2.955265857580094,25.93779962309097,3.077659141917323,6.409646492066395,6.317826695948091,0.23346260676742683,True,
sample-000005,0.0,0.0,14.165434722997224,-0.07954643360104781,2.5,0.0,1.7345140908771952,1.7345140908771952,5.666173889198889,3.337226697397015,5.339117516209957,4.260931691445775,4.2209119398575385,2.948286442610661,26.12321525276934,3.0259952790079763,5.94121229593581,9.439025968892489,0.11378824602915884,True,
sample-000006,0.0,0.0,31.3184406430414,-0.03298028435976695,2.5,0.0,2.5279163501112047,2.5279163501112047,12.52737625721656,3.1637589091700646,5.022013076847282,4.137973216429794,4.2120695619618855,3.097792853463755,25.398842881037176,2.9080675078441045,6.422081991289893,16.80450538706375,0.020871298111667737,True,
sample-000009,0.0,0.0,24.653765574671723,0.03804911810383759,2.5,0.0,2.28863891859764,2.28863891859764,9.86150622986869,3.1114271162215674,5.031728294692399,4.1504689802434545,4.040980590803218,3.1433449239161515,25.536831302163396,2.984387207034413,6.211058083393135,10.22192065304024,0.09501844847646103,True,
sample-000011,0.0,0.0,5.808576346816647,-0.016787031737420938,2.5,0.0,0.843044773992374,0.843044773992374,2.323430538726659,3.150046647888751,5.075087678904464,4.269297321570513,4.144950329619384,3.1138649282088364,26.380084853265714,3.054807184154623,6.172709246231071,0.961209729433202,0.8014547866638992,True,
sample-000012,0.0,0.0,6.864123163908474,-0.07660328455829347,2.5,0.0,1.0100175736103834,1.0100175736103834,2.7456492655633893,3.189878717220339,5.06615295060457,4.147573253890712,4.089902082979648,3.038428468160855,26.400225353579543,3.1070545761103214,6.315035563934672,2.005032684215468,0.6302266030018302,True,
sample-000014,0.0,0.0,6.6576686212634675,0.1274883865203603,2.5,0.0,0.9794786345265879,0.9794786345265879,2.663067448505387,3.2870931482181587,5.238315291440368,4.1318175350356325,4.256484932374109,2.8606460964051843,26.02144360545849,3.064196454952807,5.9282465898953705,0.6463388731581782,0.8617198807691989,True,
sample-000015,0.0,0.0,25.22623569032931,-0.040162185142994085,2.5,0.0,2.311593819898286,2.311593819898286,10.090494276131725,3.32089943599104,4.9967982808252955,3.9850225110699222,4.246604424369317,2.9374208055660738,26.536759913006357,2.8955590367389465,6.363691202740049,15.669403554554878,0.027105638660609194,True,
sample-000017,0.0,0.0,18.574639567222878,-0.060832633673121854,2.5,0.0,2.0055064543542103,2.0055064543542103,7.429855826889151,3.207332936962407,4.98709580541747,4.2801988551245955,4.38665043617206,2.9394796952931976,26.44960194394033,3.0449657941934554,6.176178253103117,12.594537330735493,0.05502325356055923,True,
sample-000019,0.0,0.0,5.599822491925131,-0.043929160762881385,2.5,0.0,0.8064441674940481,0.8064441674940481,2.2399289967700526,3.039915265719698,5.0449152345803,4.34343128829622,4.202389922833294,3.0194675818801793,25.889317906094604,3.0691557588422405,6.1447965889604195,1.7751205225959523,0.6644892321764696,True,
sample-000023,0.0,0.0,14.532196111767675,-0.0801067521149205,2.5,0.0,1.7600758775607988,1.7600758775607988,5.81287844470707,3.313841306254893,5.295403327011693,4.095471761402795,4.339162320172267,2.8981598300404534,24.36332012592903,3.0475261064222536,6.026165180267055,9.759212180552478,0.10570092355517824,True,
sample-000024,0.0,0.0,28.170706380197355,0.045504980660492175,2.5,0.0,2.4219919253190976,2.4219919253190976,11.268282552078942,3.1976185289804557,5.268992508235956,4.232013334011948,4.313074404281056,2.9726063092261157,24.544009762715017,3.131638544137491,5.825593730880463,14.47952768983043,0.03564899008196233,True,
sample-000027,0.0,0.0,31.48246937731091,-0.03169253851136669,2.5,0.0,2.5331401313339934,2.5331401313339934,12.592987750924364,3.266638506448216,5.362633717950674,4.010551986021334,3.9821770253110067,3.1472938132107267,24.576547866050042,3.142891523994127,6.372020561740597,15.56418614654843,0.0277703520453191,True,
sample-000030,0.0,0.0,7.915877558476343,0.10153472198732341,2.5,0.0,1.1525798281462798,1.1525798281462798,3.166351023390537,3.1145578800213745,5.089646277464475,4.297087679035809,4.173962255055472,2.911822854826122,25.275754200040133,3.134836284004851,6.181001312420326,0.8086346742039712,0.8301116952543122,True,
sample-000032,0.0,0.0,14.040935418567612,0.06365052667316447,2.5,0.0,1.72568628975825,1.72568628975825,5.616374167427045,3.1404194381797046,5.006843959769095,4.001637571213974,4.157829381096463,2.858628240655573,24.343351467331477,3.0993809785796347,6.3581583931950485,4.802465778277235,0.3309431697091622,True,
sample-000033,0.0,0.0,11.647390133660874,0.08443219969546653,2.5,0.0,1.5387914001789573,1.5387914001789573,4.658956053464349,3.193710358832675,5.105358666809452,4.158183698570951,4.217574129703256,3.0032630037143155,25.73975763680544,3.0342841921005435,6.045200513889749,4.187882377248849,0.38125167664737986,True,
sample-000034,0.0,0.0,11.528166231045647,-0.07981765279237459,2.5,0.0,1.5285025464836446,1.5285025464836446,4.611266492418259,3.201610684742479,4.931351920442795,4.065513528045983,4.28608968741244,2.9699682779754952,26.315024614436677,3.080738037793596,6.337252157675501,11.284365030571823,0.07439838306847961,True,
sample-000035,0.0,0.0,8.90160869161098,-0.10002405017240089,2.5,0.0,1.269941280396691,1.269941280396691,3.5606434766443917,3.261704845224206,5.005108609162138,4.264666519682077,4.329153011022399,3.1267432106444666,25.06048766373644,3.1367233025597665,6.307145234847108,7.03189024678176,0.19806647629314922,True,
sample-000037,0.0,0.0,25.42147565465552,-0.03974084058927327,2.5,0.0,2.3193035831328497,2.3193035831328497,10.168590261862208,3.3168651811751984,5.157206811216026,4.292413320920536,4.130279379515909,2.89485133028763,25.985310145123297,2.8966460202841087,6.2888455991984005,14.500972161673346,0.035473397367828875,True,
sample-000038,0.0,0.0,7.409006039714235,-0.12616121090068697,2.5,0.0,1.0864055607461893,1.0864055607461893,2.963602415885694,3.043857554498858,5.207142196911102,3.9979461013077953,4.195183634668452,3.00129817168738,25.846648321570264,2.8702286656947145,5.900406415401784,4.8114239820345235,0.33026123591337875,True,
sample-000043,0.0,0.0,43.00989680487685,0.026393677923723935,2.5,0.0,2.84513951559001,2.84513951559001,17.20395872195074,3.195916746001669,5.186407030363273,4.253140123614359,4.117214428239718,3.1050616796311363,25.497144613693767,3.1131094769933005,5.8658684891161235,18.103356857813726,0.015476199312795683,True,
sample-000048,0.0,0.0,22.25072091823439,-0.052871611379607754,2.5,0.0,2.186083677032722,2.186083677032722,8.900288367293756,3.218767791368538,5.202143194331075,3.9769676457978296,4.273343332171842,2.9505957900197424,26.667135513591393,3.075780945653813,6.037627595619673,13.118861129473071,0.048765635372091456,True,
sample-000051,0.0,0.0,19.81686453613307,0.04816620040751873,2.5,0.0,2.0702425875471864,2.0702425875471864,7.926745814453229,3.257982708096647,5.160328575514865,4.234059515436463,4.032156234155484,2.9251811999635384,25.971612882246127,2.9882446551305084,6.091271536729509,9.732199132246418,0.10636043056862526,True,
sample-000052,0.0,0.0,6.32877506812584,0.09746240460810826,2.5,0.0,0.9288159734116219,0.9288159734116219,2.531510027250336,3.1522973682047146,4.943653098096069,3.9812925289130447,4.3061939157293,3.046654449901655,24.756794619712778,2.882638757912938,6.226957087523175,0.5586234400128208,0.8793011800566721,True,
sample-000054,0.0,0.0,8.26536409887439,-0.09859455675534909,2.5,0.0,1.1957830515288728,1.1957830515288728,3.3061456395497557,3.0774445305168614,5.0701268611711106,4.261638922852451,4.112712344144586,2.8547985542195375,26.699018861964543,2.8608418374013436,6.110759379211092,5.482112729422961,0.2830014932394815,True,
sample-000059,0.0,0.0,14.378522014032034,0.07408488864185887,2.5,0.0,1.749444834471085,1.749444834471085,5.751408805612813,3.2023555858316666,5.220943166013612,4.298884062853455,4.1411146501336855,2.9737374708923294,26.685078691903772,2.9857887469057762,5.876283230557989,7.7622872253554736,0.1674060994410371,True,
sample-000061,0.0,0.0,30.125385251629,0.04114830757132162,2.5,0.0,2.48907744829071,2.48907744829071,12.0501541006516,3.1919313340770192,5.0731855591554105,4.318898263050271,4.3523366568440105,3.0878723999337647,25.012989335617107,2.872161610697694,5.845408309218174,14.587604895706416,0.03477278781139789,True,
sample-000066,0.0,0.0,6.325149954406226,-0.10321257266939064,2.5,0.0,0.9282430106649118,0.9282430106649118,2.5300599817624905,3.271650942242518,5.010721519799768,4.183126894090303,4.284273661278685,3.1464526209583825,26.583246183098826,2.9415068032911247,6.129061456131358,3.785069153058687,0.4183050278939557,True,
sample-000067,0.0,0.0,32.62516301389777,-0.034604630273701247,2.5,0.0,2.568793130350787,2.568793130350787,13.050065205559108,3.070232346584606,5.12080227200259,3.9520616201008907,4.235086404904585,2.943538667048121,25.034045322344284,2.9981864135120966,6.260739109040504,16.364195104766257,0.02309832509696318,True,
sample-000068,0.0,0.0,23.113689648400943,-0.04414903855514026,2.5,0.0,2.224134335592367,2.224134335592367,9.245475859360377,3.275183097466354,5.100993399385919,4.124405318230444,4.183925748497239,3.0231660458579572,25.907838825890718,2.9475145175035107,6.298057412205116,13.973788423779707,0.04005171873228459,True,
sample-000069,0.0,0.0,27.458374387100335,0.04151259135364742,2.5,0.0,2.3963804674088913,2.3963804674088913,10.983349754840134,3.2139532365652537,4.928233222504708,4.244521577834688,4.363195979993625,3.141849331459016,25.629775657042547,3.0957739905392803,6.075373043619772,11.93825567402829,0.06399918339628512,True,
sample-000074,0.0,0.0,6.844147061574775,0.0847169548054923,2.5,0.0,1.0071031115892801,1.0071031115892801,2.73765882462991,3.0649227499266467,4.967131202246631,4.345889124413816,4.13583044185311,3.0659627653023023,26.65897727155156,2.9633276890076146,6.236466406234226,0.995685274200988,0.7951177938261345,True,
sample-000075,0.0,0.0,17.262768207745296,-0.06347254844649056,2.5,0.0,1.9322613237569393,1.9322613237569393,6.905107283098118,3.1945209049416166,5.024899247889965,4.177559132609143,4.34310072551123,2.8625493453403963,26.026468747475697,3.1415694634355127,6.2209697829648345,11.741927743294658,0.0669587327490327,True,
sample-000078,0.0,0.0,9.222006084152888,0.10941318400143571,2.5,0.0,1.30530186165346,1.30530186165346,3.688802433661155,3.0797715501785117,5.1745137920605755,4.198849279896497,4.259255271327877,2.891265450387275,25.016294441545817,3.0728025398157093,5.969546333840328,0.8244567536313475,0.8270929607566175,True,
sample-000080,0.0,0.0,26.58258708372389,0.038293529730019406,2.5,0.0,2.363965648643039,2.363965648643039,10.633034833489557,3.0605375718560013,5.1047955397920015,3.9678593551028216,4.046227669958974,3.1309301127055322,25.784097970593773,3.0812018151779164,6.056043772386683,12.774342039044814,0.052791718076154716,True,
sample-000081,0.0,0.0,11.241836832632035,-0.08256235398921717,2.5,0.0,1.5033515185132278,1.5033515185132278,4.496734733052814,3.0742468297139003,5.154100752598043,4.3294684009745605,4.098478270714169,2.9837128120430627,25.503730255945133,2.9767280559868254,6.159580202616935,7.214935457246926,0.18989190627117,True,
sample-000082,0.0,0.0,7.980467005926507,0.11530831623833203,2.5,0.0,1.1607061999211423,1.1607061999211423,3.192186802370603,3.123460493549068,4.954969530694624,4.170035547239013,4.358997531039534,3.115143512454959,26.601745146366866,3.0414779528648856,6.0527353730565485,0.24051995692847145,0.9461238803692982,True,
sample-000086,0.0,0.0,17.36113979867732,-0.051158112326673395,2.5,0.0,1.937943631808585,1.937943631808585,6.944455919470928,3.1999530547784074,5.117493389161094,3.965064229836147,4.040022384833872,3.1209850613064316,25.42691874811524,2.8890611860907334,6.391321109488564,11.959138717371449,0.06369218212251637,True,
sample-000087,0.0,0.0,25.30007629153545,0.04811705861854569,2.5,0.0,2.3145166793304823,2.3145166793304823,10.12003051661418,3.3401528517957235,5.097858734224376,4.217866044250024,4.38850232598696,3.112011985904225,24.88269663433185,2.9062056869170725,5.896196807278979,12.91270077270829,0.051136373186021725,True,
sample-000089,0.0,0.0,10.004481052924445,-0.09442331008852108,2.5,0.0,1.3867423660431415,1.3867423660431415,4.001792421169778,3.0682323293504097,5.257466304085546,3.956057953884964,4.082295020556799,2.93328561403712,25.544399615546588,3.1054881037845314,6.0676302444377646,6.051027092613684,0.248254592166335,True,
sample-000090,0.0,0.0,8.229016880006554,-0.08839761954379502,2.5,0.0,1.1913758200301647,1.1913758200301647,3.2916067520026218,3.096474942430769,5.210118598777834,4.044650780284471,3.9778018743225223,3.055347158764028,24.980718268876505,3.012066975857718,6.246506140759954,3.5232560812425278,0.4442980343737448,True,
sample-000091,0.0,0.0,28.77631082085431,-0.03938368506518719,2.5,0.0,2.4432617758527675,2.4432617758527675,11.510524328341724,3.134010744722047,5.047369969575714,4.070076076631434,4.269889482896898,2.9504383813600428,26.813409140710238,2.8874017043491227,6.155773559769125,15.707923485948053,0.026866287099073672,True,
sample-000093,0.0,0.0,31.34702045418998,-0.03687118593475215,2.5,0.0,2.528828489354408,2.528828489354408,12.538808181675993,3.234978417193941,5.1350210625164046,4.021292662690922,4.279590885841522,2.872331894443502,26.188728784459457,2.903998150406232,6.14161876384757,16.098841988967663,0.0245536353118975,True,
sample-000094,0.0,0.0,13.195572790174818,-0.07061065022826393,2.5,0.0,1.663590646777068,1.663590646777068,5.2782291160699275,3.35462903059843,5.287551632405898,4.12732726347308,4.062353639465652,3.0962381944406774,25.6805530759681,3.046016264338548,6.171059771365888,8.064111354838396,0.15616685509471293,True,
sample-000096,0.0,0.0,27.909456443743537,0.03592647925559445,2.5,0.0,2.4126748401617326,2.4126748401617326,11.163782577497415,3.291197748082997,5.230821969203721,4.042668762551202,4.021149883670848,3.070486110327268,24.988937033702648,3.1199530747306476,6.073168604825228,13.936601934529998,0.040396134222951845,True,
sample-000098,0.0,0.0,19.4430238170336,0.05239432347052465,2.5,0.0,2.0511976012057946,2.0511976012057946,7.777209526813439,3.310370153550127,5.059873150734179,4.099408894623521,4.232818135571615,2.916121809478646,24.74192678399504,3.1085948633185,6.194992633518704,9.019471124785376,0.12532937892829793,True,
sample-000099,0.0,0.0,27.886469435736675,0.04004354026724126,2.5,0.0,2.411850872857846,2.411850872857846,11.15458777429467,3.1437210259683566,4.949074220441608,4.164996900291598,4.301705594571892,3.138598899121706,24.722190047253367,2.910878960859316,6.063884653438438,12.264403491894967,0.0593689886530965,True,
sample-000102,0.0,0.0,12.063093991616338,-0.08919902537944492,2.5,0.0,1.5738599764068584,1.5738599764068584,4.825237596646535,3.2434713791151495,5.302883867147458,4.290407195379026,4.1947143564604605,3.0246230417487987,25.307363344465838,2.875654046700369,5.94458489401506,8.057006971550875,0.15642252888204988,True,
sample-000103,0.0,0.0,26.253315203516394,0.042152983710450766,2.5,0.0,2.35150154265642,2.35150154265642,10.501326081406557,3.298577500933196,4.964670628333174,4.3626633755247735,4.304195607308843,3.1071081485866636,26.64800461087885,3.0095045684300095,6.0237862805776405,11.314682837751471,0.07388082156752149,True,
sample-000104,0.0,0.0,10.617538803255526,0.09691508555652009,2.5,0.0,1.4462165059753178,1.4462165059753178,4.2470155213022105,3.3489855115886424,5.322483393573167,4.246286770657201,4.170487154975648,2.8811195032401575,26.31811107443928,2.9496696887398657,5.8327253787715,1.891359737255904,0.6469400328873546,True,
sample-000106,0.0,0.0,37.18699941249275,0.03125996622927823,2.5,0.0,2.6996684901644254,2.6996684901644254,14.874799764997102,3.2773705489429803,5.19172813946186,4.19600628626835,4.176915058025967,3.075165515367487,25.765973230671534,3.0424761276026864,5.839518907802036,16.79585050607139,0.020912933159358948,True,
sample-000109,0.0,0.0,26.972528839536853,0.039434174152304886,2.5,0.0,2.378528165788646,2.378528165788646,10.78901153581474,3.26440320178973,4.920662708427664,3.9601876894537877,4.293235863757532,3.110693403949378,25.842549256854273,3.020965289858127,6.135852121280579,10.69843231719232,0.08514453309217931,True,
sample-000110,0.0,0.0,33.438830516311604,-0.032845009960361216,2.5,0.0,2.593427083132453,2.593427083132453,13.375532206524642,3.2044709207680206,5.166263081060878,4.2074870971232405,4.21829989056324,2.8510213012671004,24.280233603178882,2.916628515939378,6.320225599698797,16.510040602706443,0.022335513409964005,True,
sample-000115,0.0,0.0,11.35279434466447,0.07862576187599818,2.5,0.0,1.5131731795193542,1.5131731795193542,4.541117737865788,3.097943111645901,5.171571305064138,4.2697423249898225,4.073536907122452,3.0717933096961083,24.399332472155077,3.0591706526189033,6.167858505629824,4.58850245501027,0.34765602038706356,True,
sample-000117,0.0,0.0,27.78159224615233,0.04007839925207355,2.5,0.0,2.4080829200857092,2.4080829200857092,11.11263689846093,3.130328816792073,5.062517297817544,4.19400291993776,4.231724841859943,2.961359977542384,24.58670297782945,3.148189779708729,6.0775099657397895,13.452242761086033,0.0451622659507827,True,
sample-000118,0.0,0.0,31.60156694792365,0.036073341214747624,2.5,0.0,2.536915974448928,2.536915974448928,12.64062677916946,3.3264308504875455,5.288999368221035,4.236160423406312,4.12387827123206,3.045230282195898,24.677920503912542,2.925879648103035,5.849377677306187,15.5669232051343,0.02775285582166099,True,
sample-000119,0.0,0.0,5.764174510287735,0.0312690512422527,2.5,0.0,0.8353712217048382,0.8353712217048382,2.305669804115094,3.2094798657646653,5.277480609488643,4.151410289106463,4.030214683296969,3.002491016781395,25.513277302588346,2.8796273903942016,6.013864412691113,0.821598799476825,0.827637423512044,True,
sample-000122,0.0,0.0,40.539339662703505,0.02804908349360445,2.5,0.0,2.7859821204798787,2.7859821204798787,16.215735865081403,3.2239339530491185,5.0191584657095385,4.086567594289854,4.275705366992035,2.9956247273885563,24.296530371455294,2.9720878061821283,5.999176179848115,16.738747318503194,0.021189722446806048,True,
sample-000123,0.0,0.0,7.426587010912687,0.07487493681381337,2.5,0.0,1.0887756688191756,1.0887756688191756,2.970634804365075,3.284400564415153,5.111366888892768,4.227660974634889,4.018047184850529,2.952272538196944,26.508270585196414,2.856796861054479,6.240102209536045,1.25954543615862,0.7482478134106093,True,
sample-000125,0.0,0.0,27.63197724461624,-0.040216919966964186,2.5,0.0,2.4026829660142033,2.4026829660142033,11.052790897846496,3.331082847179488,5.067092261594232,4.160588766818755,4.326554939817337,3.03599653684112,26.295561600630652,3.0970786554210537,6.279188332183871,15.407631923606058,0.028789678008527272,True,
sample-000126,0.0,0.0,16.503630843113093,-0.0575537214573292,2.5,0.0,1.8872896759224516,1.8872896759224516,6.601452337245237,3.103582869058703,5.19415642876279,4.0405596842885405,4.037699588416699,3.1344106089126447,25.14589758706354,3.031021265258088,6.273275600387824,10.295200278231878,0.09342862819352436,True,
sample-000130,0.0,0.0,23.28161060529749,0.038777212996039014,2.5,0.0,2.231373072672327,2.231373072672327,9.312644242118996,3.2388088089979066,5.095924673242275,4.006255398408899,4.014102400509509,2.8658877649976535,24.80467631991459,2.9398112894725315,6.262488806368156,10.037398391734566,0.09914256730960777,True,
sample-000131,0.0,0.0,18.106125286889917,-0.054881099186739876,2.5,0.0,1.9799595627889714,1.9799595627889714,7.242450114755966,3.117642288250138,5.125095646000005,4.0582152094892665,4.126471191632758,2.8840101797359923,25.20482248366075,3.010832772866184,6.2846935150083025,11.555743993071522,0.0698916994521265,True,
sample-000134,0.0,0.0,22.06720827128024,-0.049062699254470016,2.5,0.0,2.1778019861152194,2.1778019861152194,8.826883308512096,3.0659698429174367,4.940551145081913,4.2058277867272045,4.315110070814295,2.8748999078307977,25.345303267635522,2.94358465883335,6.3163429200575525,14.347528392825879,0.03674913834976825,True,
sample-000136,0.0,0.0,21.630857827834614,-0.049209744515251806,2.5,0.0,2.157830166473831,2.157830166473831,8.652343131133845,3.184422371143163,5.285671056223043,4.03704290267598,4.102919805352547,3.1398825127113303,25.103153438396983,3.127856114862056,6.190975530277228,12.450653348304188,0.05687673596108248,True,
sample-000143,0.0,0.0,26.92850802866603,-0.04210013433864044,2.5,0.0,2.376894771582681,2.376894771582681,10.771403211466412,3.1212291452116165,5.170141611296685,3.9542102556862284,4.192525217926145,3.0498188041880527,26.4141861109455,2.944768153820103,6.0987887198491855,14.675365576378352,0.03407716384342999,True,
sample-000145,0.0,0.0,24.44674521954822,0.04789521133051448,2.5,0.0,2.280206355330613,2.280206355330613,9.778698087819288,3.12486164473845,5.084204476679758,4.019938961069343,4.277208830428093,2.9429992218837513,24.846700389279615,2.9508380641780616,5.934438253121377,12.550009891230541,0.055590299117766355,True,
sample-000147,0.0,0.0,21.196340650854122,0.04504834048977505,2.5,0.0,2.137537824096084,2.137537824096084,8.478536260341649,3.1633429566340063,5.194776944308404,4.2098782926064855,3.9890737198939132,2.92087150662835,24.626911051219636,3.000374601018078,6.133520188398937,10.988179466240624,0.07964931651156217,True,
sample-000149,0.0,0.0,17.249504867033874,-0.05797680131084986,2.5,0.0,1.9314927078309092,1.9314927078309092,6.899801946813549,3.2693305484797097,5.137656989663236,4.0741718284735935,4.204340066306409,2.9150196902614596,24.615672126181725,3.1119106227349542,6.34217819533092,11.120042827881072,0.0772672965356006,True,
sample-000150,0.0,0.0,13.321119305649852,0.06486883897572876,2.5,0.0,1.6730599616632955,1.6730599616632955,5.3284477222599405,3.227503870792837,5.087324159871417,4.240128707539901,4.059135459894181,2.9045158891813574,26.748029306556557,3.037897912303829,6.183235669738697,4.688731567949317,0.3397244805046499,True,
sample-000151,0.0,0.0,28.146081756500642,-0.034010036129286596,2.5,0.0,2.4211174214249387,2.4211174214249387,11.258432702600256,3.167408230577596,5.182647795237181,4.116348046616184,4.023697288615109,3.031425811294281,24.77038546905216,2.919770711886567,6.436755621784769,15.169869708679133,0.030409762556794947,True,
sample-000155,0.0,0.0,18.622809406304057,-0.05444473680656773,2.5,0.0,2.0080964097052814,2.0080964097052814,7.449123762521623,3.085636269384184,5.2628005319680184,3.9595615729365083,3.991540787921049,2.853865898948592,26.773755764585587,2.912797961962615,6.060941959974735,11.131600257358862,0.07706194643748736,True,
sample-000156,0.0,0.0,18.15883490415054,0.06769738684590003,2.5,0.0,1.9828664819803945,1.9828664819803945,7.263533961660217,3.046227180098396,5.077141979780711,4.192580361354015,4.365352518989418,3.0776027892340174,25.23883460305976,2.9591919145534913,5.87258425278353,9.601873852724315,0.10960052001585902,True,
sample-000157,0.0,0.0,34.61673931180596,0.03341792774369497,2.5,0.0,2.6280466283372874,2.6280466283372874,13.846695724722384,3.2211799733464233,5.197155226267425,4.090566152045821,4.173613618971835,3.0260706461155347,25.126951704753132,3.0977214265231043,5.892478043155734,16.212810850264322,0.023917672505037794,True,
sample-000158,0.0,0.0,18.818885751279293,-0.04947232049013632,2.5,0.0,2.018570194966029,2.018570194966029,7.527554300511717,3.3509020814258292,5.271592836279334,4.1011949793520825,4.0285095915721865,3.1358981025537207,24.33581066305989,2.884577031751931,6.327230810173036,11.269708640724684,0.0746498837808687,True,
sample-000159,0.0,0.0,35.64156555980141,0.032683297516781985,2.5,0.0,2.6572217968063776,2.6572217968063776,14.256626223920563,3.053446923365999,4.899016120251039,4.352877410565292,4.338579899688451,2.987259491885594,25.160379879788657,3.0924289014581743,6.046241267422278,14.76307203289262,0.03339587268389704,True,
sample-000161,0.0,0.0,17.294247152839176,-0.060489794200587685,2.5,0.0,1.9340831798097486,1.9340831798097486,6.917698861135671,3.089268139138076,5.259828591017646,4.278726360018728,4.095588666269643,3.1441008305705145,24.35008552102373,2.9575061063106034,6.152261685590759,10.505833965104665,0.08900545066021863,True,
sample-000165,0.0,0.0,7.44444921133826,0.08502363359887155,2.5,0.0,1.0911779505094066,1.0911779505094066,2.977779684535304,3.157086564467416,4.957775712424263,4.224555593584736,4.165381531116367,2.860460201344191,25.6194619161233,3.060221781994396,6.387264551758891,1.2905475790656618,0.7429254604281169,True,
sample-000170,0.0,0.0,18.12265507748364,-0.05335558043968559,2.5,0.0,1.980872085461526,1.980872085461526,7.249062030993455,3.3581247131012164,4.991743365321166,4.013790398616265,4.238876350045743,3.0083044864279778,26.782526156155875,2.893254912449776,6.329174071324472,13.790388180559571,0.041779302185318785,True,
sample-000173,0.0,0.0,25.940507826639195,-0.04152955635290771,2.5,0.0,2.339515023793958,2.339515023793958,10.376203130655679,3.282048005091808,5.026574984509427,4.366498695696189,4.320889971745796,2.903946151670989,25.416742999531177,3.1290096855048195,6.394036914096547,15.154875592625206,0.030514934405327647,True,
sample-000174,0.0,0.0,34.47952861774008,0.028390384060642516,2.5,0.0,2.624075042648654,2.624075042648654,13.791811447096032,3.249790965180318,5.186755502271142,4.323089452740823,3.984242963735519,2.986432327881436,24.899714313565237,3.0392437863843185,6.0862066100032335,15.465962766950692,0.02840558405185808,True,
sample-000181,0.0,0.0,14.67727600663831,0.06302512029060472,2.5,0.0,1.7700097159632693,1.7700097159632693,5.8709104026553245,3.101038552645612,4.8768910990875955,4.257034612104076,4.209032021044291,3.081647145427944,26.492857287820044,2.9181941716744584,6.233446431990557,3.7575613864995336,0.4209629375675365,True,
sample-000188,0.0,0.0,27.139117679657637,-0.03778568449229189,2.5,0.0,2.3846854120430776,2.3846854120430776,10.855647071863055,3.247246951663017,5.0490473348953,4.2869840971787685,4.225346771646918,2.90855911955624,25.068742062740455,2.964862377348729,6.428264782822152,15.56124527552414,0.02778916340139955,True,
sample-000189,0.0,0.0,9.027738065091908,0.11743572538966518,2.5,0.0,1.2840111130461316,1.2840111130461316,3.6110952260367633,3.0811161628043524,5.228010025834167,4.091913166660946,4.264244831696709,2.9793821942358285,25.777197049563345,2.981702124504703,5.8311298782512795,0.6633376174450473,0.8583536104938536,True,
sample-000193,0.0,0.0,18.88919161221598,0.05636157840583396,2.5,0.0,2.022299154240545,2.022299154240545,7.555676644886392,3.2758480402686954,5.215311450396091,4.237516716690421,4.132407852176276,3.1496388703931784,25.322342383269277,2.8947354666353733,5.937735754818694,10.34220382007909,0.09242290564341529,True,
sample-000194,0.0,0.0,20.351953971138236,-0.055873589308334276,2.5,0.0,2.096886193642744,2.096886193642744,8.140781588455294,3.2684206010736867,5.2442205770017605,4.305515870511843,4.206759460961609,2.9710907935047812,26.235840607486274,2.873341767447297,6.002826690245612,12.246922294658969,0.05960844197450665,True,
sample-000196,0.0,0.0,12.385688701822302,-0.08611629465041727,2.5,0.0,1.600250937258079,1.600250937258079,4.954275480728921,3.090539857672956,5.007802990276613,4.078501327541878,4.360066748706897,3.0533086029133902,25.46323920724326,3.08547629166684,6.1654771818347,9.10411949491383,0.12291023541868908,True,
sample-000198,0.0,0.0,5.912551144194601,-0.025041995117677927,2.5,0.0,0.8607866720873887,0.8607866720873887,2.3650204576778404,3.2532976143039907,5.320038872278758,4.161763964311605,3.979458791103156,3.122528478086055,25.44920654018465,2.8750978723427694,6.035722505430127,1.140445649836789,0.7690515202717767,True,
sample-000199,0.0,0.0,23.892496734870523,-0.041883351590915864,2.5,0.0,2.2572737336248525,2.2572737336248525,9.55699869394821,3.109211671196544,5.042020905037618,4.172819515847702,4.156381585480766,3.037245300039341,26.08276477222096,3.115413081983193,6.401209561165575,14.582710778075686,0.03481199577907318,True,
