sample_id,surfaces[0].radius_mm,surfaces[0].distance_to_next_mm,surfaces[2].radius_mm,surfaces[2].distance_to_next_mm,surfaces[4].radius_mm,surfaces[4].distance_to_next_mm,surfaces[6].radius_mm,surfaces[6].distance_to_next_mm,size_log_mismatch,size_log_signed,size_ratio,fiber_mode_radius_um,beam_radius_at_receiver_um,lateral_mismatch,angular_mismatch,axial_mismatch,curvature_mismatch,coupling_loss_db,coupling_efficiency,valid,failure_code
sample-000001,5.13868254229594,3.3115278586968016,4.249359470738727,4.357621782457892,26.16199688438073,3.0270365664725447,6.295230345673697,3.1398209035420845,2.4834568255354794,2.4834568255354794,11.982614714819102,2.5,29.956536787047757,0.0,0.0,0.0,-0.0365514539180263,15.76461812988288,0.026517842510819,True,
sample-000002,5.1454426696685145,3.324304161310343,4.026744051172013,4.34050702351983,25.93779962309097,2.955265857580094,6.409646492066395,3.077659141917323,1.4063251458757235,1.4063251458757235,4.080930988637348,2.5,10.20232747159337,0.0,0.0,0.0,-0.0736687538051687,6.317826695948091,0.2334626067674268,True,
sample-000005,5.339117516209957,3.337226697397015,4.2209119398575385,4.260931691445775,26.12321525276934,2.948286442610661,5.94121229593581,3.0259952790079763,1.7345140908771952,1.7345140908771952,5.666173889198889,2.5,14.165434722997224,0.0,0.0,0.0,-0.0795464336010478,9.439025968892487,0.1137882460291588,True,
sample-000006,5.022013076847282,3.1637589091700646,4.2120695619618855,4.137973216429794,25.398842881037176,3.097792853463755,6.422081991289893,2.9080675078441045,2.5279163501112047,2.5279163501112047,12.52737625721656,2.5,31.3184406430414,0.0,0.0,0.0,-0.0329802843597669,16.80450538706375,0.0208712981116677,True,
sample-000009,5.031728294692399,3.1114271162215674,4.040980590803218,4.150468980243455,25.5368313021634,3.1433449239161515,6.211058083393135,2.984387207034413,2.28863891859764,2.28863891859764,9.86150622986869,2.5,24.653765574671723,0.0,0.0,0.0,0.0380491181038375,10.22192065304024,0.095018448476461,True,
sample-000011,5.075087678904464,3.150046647888751,4.144950329619384,4.269297321570513,26.380084853265718,3.1138649282088364,6.172709246231071,3.054807184154623,0.843044773992374,0.843044773992374,2.323430538726659,2.5,5.808576346816647,0.0,0.0,0.0,-0.0167870317374209,0.961209729433202,0.8014547866638992,True,
sample-000012,5.06615295060457,3.189878717220339,4.089902082979648,4.147573253890712,26.400225353579543,3.038428468160855,6.315035563934672,3.107054576110321,1.0100175736103834,1.0100175736103834,2.7456492655633893,2.5,6.864123163908474,0.0,0.0,0.0,-0.0766032845582934,2.005032684215468,0.6302266030018302,True,
sample-000014,5.238315291440368,3.2870931482181587,4.256484932374109,4.1318175350356325,26.02144360545849,2.8606460964051843,5.9282465898953705,3.064196454952807,0.979478634526588,0.979478634526588,2.663067448505387,2.5,6.657668621263468,0.0,0.0,0.0,0.1274883865203603,0.6463388731581782,0.8617198807691989,True,
sample-000015,4.996798280825296,3.32089943599104,4.246604424369317,3.985022511069922,26.53675991300636,2.9374208055660738,6.363691202740049,2.8955590367389465,2.311593819898286,2.311593819898286,10.090494276131723,2.5,25.22623569032931,0.0,0.0,0.0,-0.040162185142994,15.669403554554878,0.0271056386606091,True,
sample-000017,4.98709580541747,3.207332936962407,4.38665043617206,4.280198855124596,26.44960194394033,2.9394796952931976,6.176178253103117,3.044965794193456,2.0055064543542103,2.0055064543542103,7.429855826889151,2.5,18.57463956722288,0.0,0.0,0.0,-0.0608326336731218,12.594537330735491,0.0550232535605592,True,
sample-000019,5.0449152345803,3.039915265719698,4.202389922833294,4.34343128829622,25.889317906094604,3.0194675818801797,6.14479658896042,3.0691557588422405,0.8064441674940481,0.8064441674940481,2.2399289967700526,2.5,5.599822491925131,0.0,0.0,0.0,-0.0439291607628813,1.7751205225959523,0.6644892321764696,True,
sample-000023,5.295403327011693,3.313841306254893,4.339162320172267,4.095471761402795,24.36332012592903,2.8981598300404534,6.026165180267055,3.0475261064222536,1.7600758775607988,1.7600758775607988,5.81287844470707,2.5,14.532196111767677,0.0,0.0,0.0,-0.0801067521149205,9.759212180552478,0.1057009235551782,True,
sample-000024,5.268992508235956,3.197618528980456,4.313074404281056,4.232013334011948,24.544009762715017,2.972606309226116,5.825593730880463,3.131638544137491,2.4219919253190976,2.4219919253190976,11.268282552078942,2.5,28.170706380197355,0.0,0.0,0.0,0.0455049806604921,14.47952768983043,0.0356489900819623,True,
sample-000027,5.362633717950674,3.266638506448216,3.982177025311007,4.010551986021334,24.57654786605004,3.1472938132107267,6.372020561740597,3.142891523994127,2.5331401313339934,2.5331401313339934,12.592987750924364,2.5,31.48246937731091,0.0,0.0,0.0,-0.0316925385113666,15.56418614654843,0.0277703520453191,True,
sample-000030,5.089646277464475,3.1145578800213745,4.173962255055472,4.297087679035809,25.275754200040133,2.911822854826122,6.181001312420326,3.134836284004851,1.1525798281462798,1.1525798281462798,3.166351023390537,2.5,7.915877558476343,0.0,0.0,0.0,0.1015347219873234,0.8086346742039712,0.8301116952543122,True,
sample-000032,5.006843959769095,3.1404194381797046,4.157829381096463,4.001637571213974,24.34335146733148,2.858628240655573,6.3581583931950485,3.0993809785796347,1.72568628975825,1.72568628975825,5.616374167427045,2.5,14.040935418567612,0.0,0.0,0.0,0.0636505266731644,4.802465778277235,0.3309431697091622,True,
sample-000033,5.105358666809452,3.193710358832675,4.217574129703256,4.158183698570951,25.73975763680544,3.0032630037143155,6.045200513889749,3.0342841921005435,1.538791400178957,1.538791400178957,4.658956053464349,2.5,11.647390133660874,0.0,0.0,0.0,0.0844321996954665,4.187882377248849,0.3812516766473798,True,
sample-000034,4.931351920442795,3.201610684742479,4.28608968741244,4.065513528045983,26.31502461443668,2.9699682779754952,6.337252157675501,3.080738037793596,1.5285025464836446,1.5285025464836446,4.611266492418259,2.5,11.528166231045647,0.0,0.0,0.0,-0.0798176527923745,11.284365030571823,0.0743983830684796,True,
sample-000035,5.005108609162138,3.261704845224206,4.329153011022399,4.264666519682077,25.06048766373644,3.1267432106444666,6.307145234847108,3.1367233025597665,1.269941280396691,1.269941280396691,3.560643476644392,2.5,8.90160869161098,0.0,0.0,0.0,-0.1000240501724,7.03189024678176,0.1980664762931492,True,
sample-000037,5.157206811216026,3.3168651811751984,4.130279379515909,4.292413320920536,25.985310145123297,2.89485133028763,6.2888455991984005,2.8966460202841087,2.3193035831328497,2.3193035831328497,10.168590261862208,2.5,25.42147565465552,0.0,0.0,0.0,-0.0397408405892732,14.500972161673346,0.0354733973678288,True,
sample-000038,5.207142196911102,3.043857554498858,4.195183634668452,3.9979461013077953,25.846648321570264,3.00129817168738,5.900406415401784,2.8702286656947145,1.086405560746189,1.086405560746189,2.963602415885694,2.5,7.409006039714235,0.0,0.0,0.0,-0.126161210900686,4.811423982034524,0.3302612359133787,True,
sample-000043,5.186407030363273,3.195916746001669,4.117214428239718,4.253140123614359,25.497144613693767,3.1050616796311363,5.865868489116124,3.1131094769933005,2.84513951559001,2.84513951559001,17.20395872195074,2.5,43.00989680487685,0.0,0.0,0.0,0.0263936779237239,18.10335685781373,0.0154761993127956,True,
sample-000048,5.202143194331075,3.218767791368538,4.273343332171842,3.9769676457978296,26.667135513591397,2.9505957900197424,6.037627595619673,3.075780945653813,2.186083677032722,2.186083677032722,8.900288367293756,2.5,22.25072091823439,0.0,0.0,0.0,-0.0528716113796077,13.118861129473071,0.0487656353720914,True,
sample-000051,5.160328575514865,3.257982708096647,4.032156234155484,4.234059515436463,25.971612882246127,2.9251811999635384,6.091271536729509,2.9882446551305084,2.0702425875471864,2.0702425875471864,7.926745814453229,2.5,19.81686453613307,0.0,0.0,0.0,0.0481662004075187,9.732199132246418,0.1063604305686252,True,
sample-000052,4.943653098096069,3.152297368204714,4.3061939157293,3.9812925289130447,24.756794619712775,3.046654449901655,6.226957087523175,2.882638757912938,0.928815973411622,0.928815973411622,2.531510027250336,2.5,6.32877506812584,0.0,0.0,0.0,0.0974624046081082,0.5586234400128208,0.8793011800566721,True,
sample-000054,5.070126861171111,3.0774445305168614,4.112712344144586,4.261638922852451,26.699018861964543,2.854798554219537,6.110759379211092,2.860841837401344,1.1957830515288728,1.1957830515288728,3.306145639549756,2.5,8.26536409887439,0.0,0.0,0.0,-0.098594556755349,5.482112729422961,0.2830014932394815,True,
sample-000059,5.220943166013612,3.2023555858316666,4.1411146501336855,4.298884062853455,26.68507869190377,2.973737470892329,5.876283230557989,2.985788746905776,1.749444834471085,1.749444834471085,5.751408805612813,2.5,14.378522014032034,0.0,0.0,0.0,0.0740848886418588,7.7622872253554736,0.1674060994410371,True,
sample-000061,5.0731855591554105,3.1919313340770192,4.3523366568440105,4.318898263050271,25.012989335617107,3.0878723999337647,5.845408309218174,2.872161610697694,2.48907744829071,2.48907744829071,12.0501541006516,2.5,30.125385251629,0.0,0.0,0.0,0.0411483075713216,14.587604895706416,0.0347727878113978,True,
sample-000066,5.010721519799768,3.271650942242518,4.284273661278685,4.183126894090303,26.583246183098822,3.1464526209583825,6.129061456131358,2.9415068032911247,0.9282430106649118,0.9282430106649118,2.5300599817624905,2.5,6.325149954406226,0.0,0.0,0.0,-0.10321257266939,3.785069153058687,0.4183050278939557,True,
sample-000067,5.12080227200259,3.070232346584606,4.235086404904585,3.9520616201008902,25.034045322344284,2.943538667048121,6.260739109040504,2.9981864135120966,2.568793130350787,2.568793130350787,13.050065205559108,2.5,32.62516301389777,0.0,0.0,0.0,-0.0346046302737012,16.364195104766257,0.0230983250969631,True,
sample-000068,5.100993399385919,3.275183097466354,4.183925748497239,4.124405318230444,25.90783882589072,3.023166045857957,6.298057412205116,2.9475145175035107,2.224134335592367,2.224134335592367,9.245475859360376,2.5,23.113689648400943,0.0,0.0,0.0,-0.0441490385551402,13.973788423779707,0.0400517187322845,True,
sample-000069,4.928233222504708,3.2139532365652537,4.363195979993625,4.244521577834688,25.629775657042547,3.141849331459016,6.075373043619772,3.0957739905392803,2.3963804674088918,2.3963804674088918,10.983349754840134,2.5,27.45837438710033,0.0,0.0,0.0,0.0415125913536474,11.93825567402829,0.0639991833962851,True,
sample-000074,4.967131202246631,3.0649227499266467,4.13583044185311,4.345889124413816,26.65897727155156,3.0659627653023023,6.236466406234226,2.9633276890076146,1.00710311158928,1.00710311158928,2.73765882462991,2.5,6.844147061574775,0.0,0.0,0.0,0.0847169548054923,0.995685274200988,0.7951177938261345,True,
sample-000075,5.024899247889965,3.194520904941617,4.34310072551123,4.177559132609143,26.026468747475697,2.8625493453403963,6.2209697829648345,3.1415694634355127,1.9322613237569397,1.9322613237569397,6.905107283098118,2.5,17.262768207745296,0.0,0.0,0.0,-0.0634725484464905,11.741927743294658,0.0669587327490327,True,
sample-000078,5.174513792060576,3.079771550178512,4.259255271327877,4.198849279896497,25.016294441545817,2.891265450387275,5.969546333840328,3.0728025398157093,1.30530186165346,1.30530186165346,3.688802433661155,2.5,9.222006084152888,0.0,0.0,0.0,0.1094131840014357,0.8244567536313475,0.8270929607566175,True,
sample-000080,5.1047955397920015,3.0605375718560013,4.046227669958974,3.9678593551028216,25.784097970593773,3.130930112705532,6.056043772386683,3.0812018151779164,2.363965648643039,2.363965648643039,10.633034833489557,2.5,26.58258708372389,0.0,0.0,0.0,0.0382935297300194,12.774342039044814,0.0527917180761547,True,
sample-000081,5.154100752598043,3.0742468297139003,4.098478270714169,4.3294684009745605,25.503730255945133,2.9837128120430627,6.159580202616935,2.976728055986825,1.5033515185132278,1.5033515185132278,4.496734733052814,2.5,11.241836832632035,0.0,0.0,0.0,-0.0825623539892171,7.214935457246926,0.18989190627117,True,
sample-000082,4.954969530694624,3.123460493549068,4.358997531039534,4.170035547239013,26.601745146366863,3.115143512454959,6.0527353730565485,3.0414779528648856,1.1607061999211423,1.1607061999211423,3.192186802370603,2.5,7.980467005926507,0.0,0.0,0.0,0.115308316238332,0.2405199569284714,0.9461238803692982,True,
sample-000086,5.117493389161094,3.1999530547784074,4.040022384833872,3.965064229836147,25.42691874811524,3.120985061306432,6.391321109488564,2.8890611860907334,1.937943631808585,1.937943631808585,6.944455919470928,2.5,17.36113979867732,0.0,0.0,0.0,-0.0511581123266733,11.959138717371449,0.0636921821225163,True,
sample-000087,5.097858734224376,3.3401528517957235,4.38850232598696,4.217866044250024,24.88269663433185,3.112011985904225,5.896196807278979,2.9062056869170725,2.3145166793304823,2.3145166793304823,10.12003051661418,2.5,25.30007629153545,0.0,0.0,0.0,0.0481170586185456,12.91270077270829,0.0511363731860217,True,
sample-000089,5.257466304085546,3.0682323293504097,4.082295020556799,3.956057953884964,25.544399615546588,2.93328561403712,6.0676302444377646,3.1054881037845314,1.3867423660431415,1.3867423660431415,4.001792421169778,2.5,10.004481052924444,0.0,0.0,0.0,-0.094423310088521,6.051027092613684,0.248254592166335,True,
sample-000090,5.210118598777834,3.096474942430769,3.9778018743225214,4.044650780284471,24.980718268876505,3.055347158764028,6.246506140759954,3.012066975857718,1.1913758200301647,1.1913758200301647,3.2916067520026218,2.5,8.229016880006554,0.0,0.0,0.0,-0.088397619543795,3.523256081242528,0.4442980343737448,True,
sample-000091,5.047369969575714,3.134010744722047,4.269889482896898,4.070076076631434,26.81340914071024,2.9504383813600428,6.155773559769125,2.8874017043491227,2.4432617758527675,2.4432617758527675,11.510524328341724,2.5,28.77631082085431,0.0,0.0,0.0,-0.0393836850651871,15.707923485948053,0.0268662870990736,True,
sample-000093,5.1350210625164046,3.234978417193941,4.279590885841522,4.021292662690922,26.188728784459457,2.872331894443502,6.14161876384757,2.903998150406232,2.528828489354408,2.528828489354408,12.538808181675993,2.5,31.34702045418998,0.0,0.0,0.0,-0.0368711859347521,16.098841988967663,0.0245536353118975,True,
sample-000094,5.287551632405898,3.35462903059843,4.062353639465652,4.12732726347308,25.6805530759681,3.0962381944406774,6.171059771365888,3.046016264338548,1.663590646777068,1.663590646777068,5.278229116069928,2.5,13.195572790174818,0.0,0.0,0.0,-0.0706106502282639,8.064111354838396,0.1561668550947129,True,
sample-000096,5.230821969203721,3.291197748082997,4.021149883670848,4.042668762551202,24.988937033702648,3.070486110327268,6.073168604825228,3.119953074730648,2.4126748401617326,2.4126748401617326,11.163782577497416,2.5,27.909456443743537,0.0,0.0,0.0,0.0359264792555944,13.936601934529998,0.0403961342229518,True,
sample-000098,5.059873150734179,3.310370153550127,4.232818135571615,4.099408894623521,24.74192678399504,2.916121809478646,6.194992633518704,3.1085948633185,2.051197601205794,2.051197601205794,7.777209526813439,2.5,19.4430238170336,0.0,0.0,0.0,0.0523943234705246,9.019471124785376,0.1253293789282979,True,
sample-000099,4.949074220441608,3.143721025968357,4.301705594571892,4.164996900291598,24.722190047253367,3.138598899121706,6.063884653438438,2.910878960859316,2.411850872857846,2.411850872857846,11.15458777429467,2.5,27.886469435736675,0.0,0.0,0.0,0.0400435402672412,12.264403491894967,0.0593689886530965,True,
sample-000102,5.302883867147458,3.243471379115149,4.1947143564604605,4.290407195379026,25.30736334446584,3.0246230417487987,5.94458489401506,2.875654046700369,1.5738599764068584,1.5738599764068584,4.825237596646535,2.5,12.063093991616338,0.0,0.0,0.0,-0.0891990253794449,8.057006971550875,0.1564225288820498,True,
sample-000103,4.964670628333174,3.298577500933196,4.304195607308843,4.3626633755247735,26.64800461087885,3.107108148586664,6.0237862805776405,3.009504568430009,2.35150154265642,2.35150154265642,10.501326081406557,2.5,26.253315203516397,0.0,0.0,0.0,0.0421529837104507,11.314682837751471,0.0738808215675214,True,
sample-000104,5.322483393573167,3.3489855115886424,4.170487154975648,4.246286770657201,26.31811107443928,2.881119503240157,5.8327253787715,2.9496696887398657,1.4462165059753178,1.4462165059753178,4.2470155213022105,2.5,10.617538803255526,0.0,0.0,0.0,0.09691508555652,1.891359737255904,0.6469400328873546,True,
sample-000106,5.19172813946186,3.2773705489429803,4.176915058025967,4.19600628626835,25.76597323067153,3.075165515367487,5.839518907802036,3.0424761276026864,2.699668490164425,2.699668490164425,14.874799764997102,2.5,37.18699941249275,0.0,0.0,0.0,0.0312599662292782,16.79585050607139,0.0209129331593589,True,
sample-000109,4.920662708427664,3.26440320178973,4.293235863757532,3.960187689453788,25.842549256854277,3.110693403949378,6.135852121280579,3.020965289858127,2.378528165788646,2.378528165788646,10.78901153581474,2.5,26.972528839536853,0.0,0.0,0.0,0.0394341741523048,10.69843231719232,0.0851445330921793,True,
sample-000110,5.166263081060878,3.2044709207680206,4.21829989056324,4.2074870971232405,24.28023360317888,2.8510213012671004,6.320225599698797,2.916628515939378,2.593427083132453,2.593427083132453,13.375532206524642,2.5,33.438830516311604,0.0,0.0,0.0,-0.0328450099603612,16.510040602706443,0.022335513409964,True,
sample-000115,5.171571305064138,3.097943111645901,4.073536907122452,4.269742324989823,24.39933247215508,3.0717933096961083,6.167858505629824,3.0591706526189038,1.5131731795193542,1.5131731795193542,4.541117737865788,2.5,11.35279434466447,0.0,0.0,0.0,0.0786257618759981,4.58850245501027,0.3476560203870635,True,
sample-000117,5.062517297817544,3.130328816792073,4.231724841859943,4.19400291993776,24.58670297782945,2.961359977542384,6.0775099657397895,3.148189779708729,2.408082920085709,2.408082920085709,11.11263689846093,2.5,27.78159224615233,0.0,0.0,0.0,0.0400783992520735,13.452242761086032,0.0451622659507827,True,
sample-000118,5.288999368221035,3.326430850487545,4.12387827123206,4.236160423406312,24.677920503912546,3.045230282195898,5.849377677306187,2.925879648103035,2.536915974448928,2.536915974448928,12.64062677916946,2.5,31.60156694792365,0.0,0.0,0.0,0.0360733412147476,15.5669232051343,0.0277528558216609,True,
sample-000119,5.277480609488643,3.2094798657646653,4.030214683296969,4.151410289106463,25.513277302588342,3.002491016781395,6.013864412691113,2.8796273903942016,0.8353712217048382,0.8353712217048382,2.305669804115094,2.5,5.764174510287735,0.0,0.0,0.0,0.0312690512422527,0.821598799476825,0.827637423512044,True,
sample-000122,5.0191584657095385,3.2239339530491185,4.275705366992035,4.086567594289854,24.29653037145529,2.9956247273885563,5.999176179848115,2.9720878061821283,2.7859821204798787,2.7859821204798787,16.215735865081403,2.5,40.53933966270351,0.0,0.0,0.0,0.0280490834936044,16.738747318503194,0.021189722446806,True,
sample-000123,5.111366888892768,3.284400564415153,4.018047184850529,4.227660974634889,26.508270585196414,2.952272538196944,6.240102209536045,2.856796861054479,1.0887756688191756,1.0887756688191756,2.970634804365075,2.5,7.426587010912687,0.0,0.0,0.0,0.0748749368138133,1.25954543615862,0.7482478134106093,True,
sample-000125,5.067092261594232,3.331082847179488,4.326554939817337,4.160588766818755,26.29556160063065,3.03599653684112,6.279188332183871,3.0970786554210537,2.4026829660142037,2.4026829660142037,11.052790897846496,2.5,27.63197724461624,0.0,0.0,0.0,-0.0402169199669641,15.407631923606058,0.0287896780085272,True,
sample-000126,5.19415642876279,3.103582869058703,4.037699588416699,4.0405596842885405,25.14589758706354,3.1344106089126447,6.273275600387824,3.031021265258088,1.887289675922452,1.887289675922452,6.601452337245237,2.5,16.503630843113093,0.0,0.0,0.0,-0.0575537214573292,10.295200278231878,0.0934286281935243,True,
sample-000130,5.095924673242275,3.2388088089979066,4.014102400509509,4.006255398408899,24.80467631991459,2.865887764997653,6.262488806368156,2.9398112894725315,2.231373072672327,2.231373072672327,9.312644242118996,2.5,23.28161060529749,0.0,0.0,0.0,0.038777212996039,10.037398391734566,0.0991425673096077,True,
sample-000131,5.125095646000005,3.117642288250138,4.126471191632758,4.0582152094892665,25.20482248366075,2.8840101797359923,6.284693515008303,3.010832772866184,1.9799595627889717,1.9799595627889717,7.242450114755966,2.5,18.10612528688992,0.0,0.0,0.0,-0.0548810991867398,11.555743993071522,0.0698916994521265,True,
sample-000134,4.940551145081913,3.0659698429174367,4.315110070814295,4.2058277867272045,25.34530326763552,2.8748999078307977,6.3163429200575525,2.94358465883335,2.17780198611522,2.17780198611522,8.826883308512096,2.5,22.06720827128024,0.0,0.0,0.0,-0.04906269925447,14.34752839282588,0.0367491383497682,True,
sample-000136,5.285671056223043,3.184422371143163,4.102919805352547,4.03704290267598,25.103153438396983,3.1398825127113303,6.190975530277228,3.127856114862056,2.157830166473831,2.157830166473831,8.652343131133845,2.5,21.63085782783461,0.0,0.0,0.0,-0.0492097445152518,12.450653348304188,0.0568767359610824,True,
sample-000143,5.170141611296685,3.1212291452116165,4.192525217926145,3.954210255686229,26.4141861109455,3.0498188041880527,6.0987887198491855,2.944768153820103,2.376894771582681,2.376894771582681,10.771403211466412,2.5,26.92850802866603,0.0,0.0,0.0,-0.0421001343386404,14.675365576378352,0.0340771638434299,True,
sample-000145,5.084204476679758,3.12486164473845,4.277208830428093,4.019938961069343,24.84670038927961,2.9429992218837517,5.934438253121377,2.9508380641780616,2.280206355330613,2.280206355330613,9.778698087819288,2.5,24.44674521954822,0.0,0.0,0.0,0.0478952113305144,12.55000989123054,0.0555902991177663,True,
sample-000147,5.194776944308404,3.1633429566340063,3.989073719893913,4.2098782926064855,24.62691105121964,2.92087150662835,6.133520188398937,3.000374601018078,2.137537824096084,2.137537824096084,8.478536260341649,2.5,21.19634065085412,0.0,0.0,0.0,0.045048340489775,10.988179466240624,0.0796493165115621,True,
sample-000149,5.137656989663236,3.2693305484797097,4.204340066306409,4.0741718284735935,24.615672126181725,2.91501969026146,6.34217819533092,3.1119106227349542,1.9314927078309088,1.9314927078309088,6.899801946813549,2.5,17.249504867033874,0.0,0.0,0.0,-0.0579768013108498,11.120042827881072,0.0772672965356006,True,
sample-000150,5.087324159871417,3.227503870792837,4.059135459894181,4.240128707539901,26.74802930655656,2.9045158891813574,6.183235669738697,3.037897912303829,1.6730599616632955,1.6730599616632955,5.3284477222599405,2.5,13.321119305649852,0.0,0.0,0.0,0.0648688389757287,4.688731567949317,0.3397244805046499,True,
sample-000151,5.182647795237181,3.167408230577596,4.023697288615109,4.116348046616184,24.77038546905216,3.031425811294281,6.436755621784769,2.919770711886567,2.4211174214249387,2.4211174214249387,11.258432702600256,2.5,28.14608175650064,0.0,0.0,0.0,-0.0340100361292865,15.169869708679132,0.0304097625567949,True,
sample-000155,5.262800531968018,3.085636269384184,3.991540787921049,3.959561572936508,26.773755764585587,2.853865898948592,6.060941959974735,2.912797961962615,2.0080964097052814,2.0080964097052814,7.449123762521623,2.5,18.622809406304057,0.0,0.0,0.0,-0.0544447368065677,11.131600257358862,0.0770619464374873,True,
sample-000156,5.077141979780711,3.046227180098396,4.365352518989418,4.192580361354015,25.23883460305976,3.0776027892340174,5.87258425278353,2.9591919145534917,1.9828664819803945,1.9828664819803945,7.263533961660217,2.5,18.15883490415054,0.0,0.0,0.0,0.0676973868459,9.601873852724315,0.109600520015859,True,
sample-000157,5.197155226267425,3.2211799733464237,4.173613618971835,4.090566152045821,25.12695170475313,3.0260706461155347,5.892478043155734,3.0977214265231043,2.6280466283372874,2.6280466283372874,13.846695724722384,2.5,34.61673931180596,0.0,0.0,0.0,0.0334179277436949,16.212810850264322,0.0239176725050377,True,
sample-000158,5.271592836279334,3.350902081425829,4.0285095915721865,4.1011949793520825,24.33581066305989,3.1358981025537207,6.327230810173036,2.884577031751931,2.018570194966029,2.018570194966029,7.527554300511717,2.5,18.818885751279293,0.0,0.0,0.0,-0.0494723204901363,11.269708640724684,0.0746498837808687,True,
sample-000159,4.899016120251039,3.053446923365999,4.338579899688451,4.352877410565292,25.160379879788657,2.987259491885594,6.046241267422278,3.0924289014581743,2.6572217968063776,2.6572217968063776,14.256626223920565,2.5,35.64156555980141,0.0,0.0,0.0,0.0326832975167819,14.76307203289262,0.033395872683897,True,
sample-000161,5.259828591017646,3.089268139138076,4.095588666269643,4.278726360018728,24.35008552102373,3.1441008305705145,6.152261685590759,2.9575061063106034,1.9340831798097489,1.9340831798097489,6.917698861135671,2.5,17.294247152839176,0.0,0.0,0.0,-0.0604897942005876,10.505833965104664,0.0890054506602186,True,
sample-000165,4.957775712424263,3.157086564467416,4.165381531116367,4.224555593584736,25.6194619161233,2.860460201344191,6.387264551758891,3.060221781994396,1.0911779505094066,1.0911779505094066,2.977779684535304,2.5,7.44444921133826,0.0,0.0,0.0,0.0850236335988715,1.2905475790656618,0.7429254604281169,True,
sample-000170,4.991743365321166,3.3581247131012164,4.238876350045743,4.013790398616265,26.782526156155875,3.0083044864279778,6.329174071324472,2.893254912449776,1.980872085461526,1.980872085461526,7.249062030993455,2.5,18.12265507748364,0.0,0.0,0.0,-0.0533555804396855,13.790388180559573,0.0417793021853187,True,
sample-000173,5.026574984509427,3.282048005091808,4.320889971745796,4.366498695696189,25.416742999531177,2.903946151670989,6.394036914096547,3.1290096855048195,2.339515023793958,2.339515023793958,10.37620313065568,2.5,25.940507826639195,0.0,0.0,0.0,-0.0415295563529077,15.154875592625206,0.0305149344053276,True,
sample-000174,5.186755502271142,3.249790965180318,3.984242963735519,4.323089452740823,24.89971431356524,2.986432327881436,6.0862066100032335,3.0392437863843185,2.624075042648654,2.624075042648654,13.791811447096032,2.5,34.47952861774008,0.0,0.0,0.0,0.0283903840606425,15.465962766950692,0.028405584051858,True,
sample-000181,4.876891099087596,3.101038552645612,4.209032021044291,4.257034612104076,26.492857287820044,3.081647145427944,6.233446431990557,2.9181941716744584,1.7700097159632693,1.7700097159632693,5.8709104026553245,2.5,14.67727600663831,0.0,0.0,0.0,0.0630251202906047,3.7575613864995336,0.4209629375675365,True,
sample-000188,5.0490473348953,3.247246951663017,4.225346771646918,4.2869840971787685,25.06874206274045,2.90855911955624,6.428264782822152,2.964862377348729,2.3846854120430776,2.3846854120430776,10.855647071863055,2.5,27.13911767965764,0.0,0.0,0.0,-0.0377856844922918,15.56124527552414,0.0277891634013995,True,
sample-000189,5.228010025834167,3.0811161628043524,4.264244831696709,4.091913166660946,25.777197049563345,2.9793821942358285,5.83112987825128,2.981702124504703,1.2840111130461316,1.2840111130461316,3.6110952260367633,2.5,9.027738065091908,0.0,0.0,0.0,0.1174357253896651,0.6633376174450473,0.8583536104938536,True,
sample-000193,5.215311450396091,3.275848040268696,4.132407852176276,4.237516716690421,25.32234238326928,3.1496388703931784,5.937735754818694,2.8947354666353733,2.022299154240545,2.022299154240545,7.555676644886392,2.5,18.88919161221598,0.0,0.0,0.0,0.0563615784058339,10.34220382007909,0.0924229056434152,True,
sample-000194,5.2442205770017605,3.2684206010736867,4.206759460961609,4.305515870511843,26.235840607486278,2.971090793504781,6.002826690245612,2.873341767447297,2.096886193642744,2.096886193642744,8.140781588455294,2.5,20.35195397113824,0.0,0.0,0.0,-0.0558735893083342,12.246922294658969,0.0596084419745066,True,
sample-000196,5.007802990276613,3.090539857672956,4.360066748706897,4.078501327541878,25.46323920724326,3.0533086029133902,6.1654771818347,3.08547629166684,1.600250937258079,1.600250937258079,4.954275480728921,2.5,12.385688701822302,0.0,0.0,0.0,-0.0861162946504172,9.10411949491383,0.122910235418689,True,
sample-000198,5.320038872278758,3.2532976143039907,3.979458791103156,4.161763964311605,25.44920654018465,3.122528478086055,6.035722505430127,2.8750978723427694,0.8607866720873887,0.8607866720873887,2.3650204576778404,2.5,5.912551144194601,0.0,0.0,0.0,-0.0250419951176779,1.140445649836789,0.7690515202717767,True,
sample-000199,5.042020905037618,3.109211671196544,4.156381585480766,4.172819515847702,26.08276477222096,3.037245300039341,6.401209561165575,3.115413081983193,2.2572737336248525,2.2572737336248525,9.55699869394821,2.5,23.892496734870523,0.0,0.0,0.0,-0.0418833515909158,14.582710778075686,0.0348119957790731,True,
